{"cameraMode":{"drawMode":0,"name":"Shaded","section":"Shading Mode"},"sceneLighting":true,"audioPlay":false,"sceneViewState":{"showFog":true,"showMaterialUpdate":false,"showSkybox":true,"showFlares":true,"showImageEffects":true,"showParticleSystems":true},"in2DMode":false,"pivot":{"x":3.209848403930664,"y":-0.2175140380859375,"z":2.9804906845092775},"rotation":{"x":-0.5184691548347473,"y":0.20756664872169496,"z":-0.1313847154378891,"w":-0.8191120624542236},"size":5.789319038391113,"orthographic":false}