{"cameraMode":{"drawMode":0,"name":"Shaded","section":"Shading Mode"},"sceneLighting":true,"audioPlay":false,"sceneViewState":{"showFog":true,"showMaterialUpdate":false,"showSkybox":true,"showFlares":true,"showImageEffects":true,"showParticleSystems":true},"in2DMode":false,"pivot":{"x":1.9975987672805787,"y":0.9773551225662231,"z":-1.1920928955078126e-7},"rotation":{"x":-0.31861403584480288,"y":0.17696714401245118,"z":-0.060736726969480517,"w":-0.9292975068092346},"size":9.845305442810059,"orthographic":false}