{"cameraMode":{"drawMode":0,"name":"Shaded","section":"Shading Mode"},"sceneLighting":true,"audioPlay":false,"sceneViewState":{"showFog":true,"showMaterialUpdate":false,"showSkybox":true,"showFlares":true,"showImageEffects":true,"showParticleSystems":true},"in2DMode":false,"pivot":{"x":2.5487687587738039,"y":-0.9541719555854797,"z":4.141786098480225},"rotation":{"x":-0.31861403584480288,"y":0.17696714401245118,"z":-0.060736726969480517,"w":-0.9292975068092346},"size":11.891130447387696,"orthographic":false}